company_name,ticker,industry,product,last_known_valuation,as_of_date,years_of_data,has_3y_history,current_price,shares_outstanding,current_market_cap,tsr_1y,tsr_3y,market_cap_3y_ago,market_cap_cagr_3y
Microsoft,MSFT,Enterprise Software,"Azure, Office 365, Teams",$3T,2026-09-08,2.99,True,493.9500122070313,7425545491.0,3667848285923.316,-0.0003732754077092615,,,
Oracle,ORCL,Database & Enterprise,"Oracle Cloud, NetSuite",$350B,2026-09-08,2.99,True,162.52000427246094,2880471000.0,468134159226.6998,-0.3107499764283711,,,
Palantir,PLTR,Data Analytics,Data Integration Platform,$52B,2026-09-08,2.99,True,170.3000030517578,2300713329.0,391811486949.91986,0.09096730552864707,,,
Palo Alto Networks,PANW,Cybersecurity,Security Platform,$95B,2026-09-08,2.99,True,336.9800109863281,815000000.0,274638708953.85745,0.7072651872027171,,,
SAP,SAP,Enterprise Software,"S/4HANA, SuccessFactors",$215B,2026-09-08,2.99,True,211.4900054931641,1154204232.0,244102659365.9132,-0.204059842312046,,,
CrowdStrike,CRWD,Cybersecurity,Endpoint Security Platform,$70B,2026-09-08,2.99,True,210.02000427246097,1023934842.0,215046799891.5616,0.9625286686006018,,,
Salesforce,CRM,CRM,"Sales Cloud, Service Cloud",$227.8B,2026-09-08,2.99,True,249.1199951171875,823000000.0,205025755981.4453,-0.00412858060613841,,,
Shopify,SHOP,E-commerce,E-commerce Platform,$95B,2026-09-08,2.99,True,134.10000610351562,1219581025.0,163545822896.23184,-0.08288876361650199,,,
ServiceNow,NOW,IT Service Management,IT Service Management Platform,$147B,2026-09-08,2.99,True,134.2100067138672,1033862000.0,138754625961.21216,-0.28560778090553385,,,
Snowflake,SNOW,Data Warehousing,Cloud Data Platform,$75B,2026-09-08,2.99,True,335.5,352800000.0,118364400000.0,0.48110539321929635,,,
Adobe,ADBE,Creative Software,"Creative Cloud, Document Cloud",$240B,2026-09-08,2.99,True,257.260009765625,397500000.0,102260853881.83594,-0.282718989742755,,,
Cloudflare,NET,Web Infrastructure,Web Performance & Security,$28B,2026-09-08,2.99,True,284.29998779296875,322618775.0,91720513794.28252,0.30460715024676843,,,
Intuit,INTU,Financial Software,"QuickBooks, TurboTax",$180B,2026-09-08,2.99,True,318.92999267578125,273537000.0,87239153406.55518,-0.5198414893568144,,,
Datadog,DDOG,Monitoring & Analytics,Infrastructure Monitoring,$44B,2026-09-08,2.99,True,210.22999572753903,334904614.0,70406995570.35312,0.5408237464509111,,,
Square,XYZ,Payments,Payment & POS Solutions,$85B,2026-09-08,2.99,True,80.0999984741211,540816000.0,43319360774.78027,0.05644946975104048,,,
Veeva Systems,VEEV,Life Sciences,Life Sciences Cloud,$35B,2026-09-08,2.99,True,264.8399963378906,161908850.0,42879939241.07208,-0.06344155357114911,,,
Workday,WDAY,HR & Finance,"HCM, Financial Management",$65B,2026-09-08,2.99,True,186.27999877929688,196000000.0,36510879760.74219,-0.19641085051902663,,,
Twilio,TWLO,Communications,Communications APIs,$12B,2026-09-08,2.99,True,225.88999938964844,153575220.0,34691106352.065125,1.0708653795176084,,,
MongoDB,MDB,Database,Document Database Platform,$26B,2026-09-08,2.99,True,356.0,80431927.0,28633766012.0,0.10117847935449875,,,
Atlassian,TEAM,Collaboration Software,"Jira, Confluence, Trello",$55B,2026-09-08,2.99,True,176.4199981689453,159005198.0,28051696740.012787,0.02154025064527354,,,
Okta,OKTA,Identity Management,Identity & Access Management,$25B,2026-09-08,2.99,True,167.59500122070312,167139757.0,28011787778.443024,0.8083189541308586,,,
Zscaler,ZS,Cloud Security,Cloud Security Platform,$30B,2026-09-08,2.99,True,161.94000244140625,163054698.0,26405078192.20276,-0.4249289810672894,,,
Zoom,ZM,Video Communications,Video Conferencing Platform,$85B,2026-09-08,2.99,True,96.44000244140624,263233141.0,25386204760.699036,0.133521395931671,,,
Affirm,AFRM,BNPL,Buy Now Pay Later Platform,$12B,2026-09-08,2.99,True,72.08000183105469,296881962.0,21399252364.56711,-0.1606892857907497,,,
Toast,TOST,Restaurant Tech,Restaurant Management Platform,$20B,2026-09-08,2.99,True,33.290000915527344,514000000.0,17111060470.581057,-0.18306746219564796,,,
Samsara,IOT,IoT,Connected Operations Platform,$12B,2026-09-08,2.99,True,40.150001525878906,372784485.0,14967297641.573982,-0.033228925932593856,,,
Rubrik,RBRK,Data Security,Zero Trust Data Security,$6B,2026-09-08,2.37,False,91.62999725341795,160956763.0,14748467751.609049,-0.04162747967290248,,,
HubSpot,HUBS,Marketing & Sales,"Marketing Hub, Sales Hub",$32B,2026-09-08,2.99,True,240.4199981689453,51190708.0,12307269923.627014,-0.5177421644481999,,,
DocuSign,DOCU,Digital Agreements,"eSignature, Contract Lifecycle",$10B,2026-09-08,2.99,True,65.08000183105469,186902452.0,12163611918.38861,-0.20371957472171565,,,
JFrog,FROG,DevOps,DevOps Platform,$5.7B,2026-09-08,2.99,True,86.7300033569336,123301311.0,10693923116.944311,0.7198096932795821,,,
Figma,FIG,Design,Collaborative Design Tool,$20B (Adobe),2026-09-08,1.11,False,22.75,455113611.0,10353834650.25,-0.566418916128717,,,
Elastic,ESTC,Search & Analytics,Search & Analytics Platform,$8B,2026-09-08,2.99,True,88.41999816894531,104991280.0,9283328785.355225,-0.04203688791469218,,,
Procore,PCOR,Construction,Construction Management Platform,$9B,2026-09-08,2.99,True,56.18000030517578,151955338.0,8536850935.213089,-0.20728096334262847,,,
GitLab,GTLB,DevOps,DevOps Platform,$8B,2026-09-08,2.99,True,47.150001525878906,165500000.0,7803325252.532959,-0.015452033267920329,,,
ServiceTitan,TTAN,Field Service,Field Service Management,$9.5B,2026-09-08,1.74,False,81.58000183105469,82746425.0,6750453503.013229,-0.31456894528649626,,,
UiPath,PATH,RPA,Robotic Process Automation,$7B,2026-09-08,2.99,True,14.010000228881836,453429560.0,6352548239.38179,0.18728813579869463,,,
RingCentral,RNG,Communications,Cloud Communications,$5B,2026-09-08,2.99,True,70.19000244140625,73736624.0,5175573818.581055,1.1752945798304277,,,
Dropbox,DBX,Cloud Storage,Cloud Storage & Collaboration,$8.5B,2026-09-08,2.99,True,33.810001373291016,142295014.0,4810994618.752464,0.11437050768792245,,,
Box,BOX,Cloud Storage,Cloud Content Management,$3.5B,2026-09-08,2.99,True,34.29999923706055,137200773.0,4705986409.224117,0.03594076124350609,,,
Bill.com,BILL,Financial Operations,Financial Operations Platform,$9B,2026-09-08,2.99,True,47.599998474121094,85276782.0,4059174693.077957,-0.051792873492102265,,,
Netskope,NTSK,Cloud Security,SASE Platform,$7.5B,2026-09-08,0.97,False,14.350000381469728,267134729.0,3833383463.053812,,,,
Monday.com,MNDY,Work Management,Work OS Platform,$14B,2026-09-08,2.99,True,83.66999816894531,42274119.0,3537075459.323776,-0.5612020065932568,,,
Braze,BRZE,Customer Engagement,Customer Engagement Platform,$5.6B,2026-09-08,2.99,True,30.309999465942383,112631669.0,3413865827.238199,-0.06160990148986967,,,
Wix,WIX,Website Building,Website Builder Platform,$10B,2026-09-08,2.99,True,72.72000122070312,41849511.0,3043296491.005829,-0.524954269983875,,,
Freshworks,FRSH,Customer Engagement,Customer Engagement Suite,$5.2B,2026-09-08,2.99,True,12.100000381469728,236959436.0,2867209265.9928513,-0.07914763582038364,,,
Klaviyo,KVYO,Marketing Automation,Email & SMS Marketing,$9.5B,2026-09-08,2.97,True,17.889999389648438,140897018.0,2520647566.023285,-0.4611446090802892,,,
Five9,FIVN,Contact Center,Contact Center Platform,$8B,2026-09-08,2.99,True,31.229999542236328,74723531.0,2333615838.924282,0.1714178439977685,,,
Marqeta,MQ,Card Issuing,Card Issuing Platform,$4.3B,2026-09-08,2.99,True,16.260000228881836,95911790.0,1559525727.3524666,-0.33141445588330787,,,
Asana,ASAN,Work Management,Work Management Platform,$5.5B,2026-09-08,2.99,True,8.789999961853027,159441754.0,1401493011.5777798,-0.3616557974116019,,,
Amplitude,AMPL,Product Analytics,Product Analytics Platform,$4B,2026-09-08,2.99,True,12.520000457763672,103867086.0,1300415964.266579,0.10503093928251017,,,
Zoom Info,GTM,Sales Intelligence,Go-to-Market Platform,$12B,2026-09-08,2.99,True,3.900000095367432,291110046.0,1135329207.1624174,-0.6338027948299925,,,
PagerDuty,PD,Incident Response,Digital Operations Platform,$2.8B,2026-09-08,2.99,True,13.31999969482422,78649873.0,1047616284.3579636,-0.22422832640433665,,,
